condition,comparison,method,baseline,delta_definition,point_delta,bootstrap_mean_delta,ci_95_percentile,conclusion,ci_lower,ci_upper,confidence_better_supported,alternative_better_supported
clean,L+U_vs_confidence,L+U,confidence,method_aurc_minus_confidence_aurc,0.0052023691655513488,0.0052558651350206199,"[0.0018545168295758402, 0.008579834667853265]",method_higher_aurc,0.0018545168295758402,0.0085798346678532655,True,False
clean,U_vs_confidence,U,confidence,method_aurc_minus_confidence_aurc,0.0095769735644353413,0.0095992684104895878,"[0.007315077630829028, 0.011948963276134475]",method_higher_aurc,0.0073150776308290276,0.011948963276134475,True,False
clean,L+Q_signal+U_vs_confidence,L+Q_signal+U,confidence,method_aurc_minus_confidence_aurc,0.023986437690607133,0.024081157370815079,"[0.01897283392148288, 0.02934182751000925]",method_higher_aurc,0.018972833921482881,0.029341827510009251,True,False
baseline_wander_mild,L+U_vs_confidence,L+U,confidence,method_aurc_minus_confidence_aurc,0.0053325166857750642,0.0053851796810759252,"[0.0019200048345121663, 0.008777797581460498]",method_higher_aurc,0.0019200048345121663,0.0087777975814604982,True,False
baseline_wander_mild,U_vs_confidence,U,confidence,method_aurc_minus_confidence_aurc,0.0095325820203403452,0.0095525782818695667,"[0.007208389857966982, 0.01190657314655288]",method_higher_aurc,0.0072083898579669821,0.011906573146552879,True,False
baseline_wander_mild,L+Q_signal+U_vs_confidence,L+Q_signal+U,confidence,method_aurc_minus_confidence_aurc,0.019038636289125076,0.019123539838018941,"[0.01436082874372949, 0.02398545728867365]",method_higher_aurc,0.01436082874372949,0.023985457288673649,True,False
baseline_wander_moderate,L+U_vs_confidence,L+U,confidence,method_aurc_minus_confidence_aurc,0.0047178561794729429,0.0047687887347546681,"[0.0011553695098292622, 0.00825807178003412]",method_higher_aurc,0.0011553695098292622,0.0082580717800341194,True,False
baseline_wander_moderate,U_vs_confidence,U,confidence,method_aurc_minus_confidence_aurc,0.0099479158453078947,0.0099665844756396133,"[0.007475332511394702, 0.012394667769751351]",method_higher_aurc,0.0074753325113947021,0.012394667769751351,True,False
baseline_wander_moderate,L+Q_signal+U_vs_confidence,L+Q_signal+U,confidence,method_aurc_minus_confidence_aurc,0.017559591576916694,0.017654405764316261,"[0.012939635996979561, 0.02254350200918938]",method_higher_aurc,0.012939635996979561,0.022543502009189378,True,False
baseline_wander_severe,L+U_vs_confidence,L+U,confidence,method_aurc_minus_confidence_aurc,0.0045316471690567475,0.0045606156317473537,"[0.0007837006190230656, 0.008422134302208024]",method_higher_aurc,0.00078370061902306558,0.0084221343022080238,True,False
baseline_wander_severe,U_vs_confidence,U,confidence,method_aurc_minus_confidence_aurc,0.010575409380614832,0.01057066491669577,"[0.007933634736104265, 0.013387394751131132]",method_higher_aurc,0.0079336347361042645,0.013387394751131132,True,False
baseline_wander_severe,L+Q_signal+U_vs_confidence,L+Q_signal+U,confidence,method_aurc_minus_confidence_aurc,0.019731672607027857,0.019812825425138993,"[0.014806180615033486, 0.025049413455588438]",method_higher_aurc,0.014806180615033486,0.025049413455588438,True,False
additive_white_noise_mild,L+U_vs_confidence,L+U,confidence,method_aurc_minus_confidence_aurc,0.006345174350877919,0.006392063186020998,"[0.0029125763937180873, 0.009829213112885139]",method_higher_aurc,0.0029125763937180873,0.0098292131128851386,True,False
additive_white_noise_mild,U_vs_confidence,U,confidence,method_aurc_minus_confidence_aurc,0.010951445140233829,0.01096773110796056,"[0.00843290574120878, 0.013604786233543033]",method_higher_aurc,0.0084329057412087793,0.013604786233543033,True,False
additive_white_noise_mild,L+Q_signal+U_vs_confidence,L+Q_signal+U,confidence,method_aurc_minus_confidence_aurc,0.022387654534639451,0.022455926415689071,"[0.01745205519510772, 0.027560490705782516]",method_higher_aurc,0.017452055195107719,0.027560490705782516,True,False
additive_white_noise_moderate,L+U_vs_confidence,L+U,confidence,method_aurc_minus_confidence_aurc,0.012920947921360594,0.012965001094416255,"[0.00878324352356106, 0.017263840214477]",method_higher_aurc,0.0087832435235610604,0.017263840214477001,True,False
additive_white_noise_moderate,U_vs_confidence,U,confidence,method_aurc_minus_confidence_aurc,0.01744737617109763,0.017467130925563762,"[0.013882739232597956, 0.021124975671822182]",method_higher_aurc,0.013882739232597956,0.021124975671822182,True,False
additive_white_noise_moderate,L+Q_signal+U_vs_confidence,L+Q_signal+U,confidence,method_aurc_minus_confidence_aurc,0.029229761307626619,0.029261069563848718,"[0.02332874220385968, 0.03523907613836786]",method_higher_aurc,0.023328742203859679,0.03523907613836786,True,False
additive_white_noise_severe,L+U_vs_confidence,L+U,confidence,method_aurc_minus_confidence_aurc,0.035657724251889511,0.035684396696659869,"[0.02836886382643762, 0.043205307239566046]",method_higher_aurc,0.028368863826437621,0.043205307239566046,True,False
additive_white_noise_severe,U_vs_confidence,U,confidence,method_aurc_minus_confidence_aurc,0.0371773870722652,0.037210261681173779,"[0.030275280936688485, 0.04452906908017873]",method_higher_aurc,0.030275280936688485,0.044529069080178729,True,False
additive_white_noise_severe,L+Q_signal+U_vs_confidence,L+Q_signal+U,confidence,method_aurc_minus_confidence_aurc,0.050501563806364141,0.050464738767073677,"[0.04247728420546498, 0.058521785841302826]",method_higher_aurc,0.042477284205464982,0.058521785841302826,True,False
amplitude_clipping_mild,L+U_vs_confidence,L+U,confidence,method_aurc_minus_confidence_aurc,0.005026894286489364,0.0050725272297543469,"[0.0016936011814694706, 0.008407283760173656]",method_higher_aurc,0.0016936011814694706,0.0084072837601736564,True,False
amplitude_clipping_mild,U_vs_confidence,U,confidence,method_aurc_minus_confidence_aurc,0.0097417193783488551,0.0097577305541871641,"[0.007531302546990017, 0.012075382160859054]",method_higher_aurc,0.0075313025469900168,0.012075382160859054,True,False
amplitude_clipping_mild,L+Q_signal+U_vs_confidence,L+Q_signal+U,confidence,method_aurc_minus_confidence_aurc,0.019753050413160896,0.019800980908358985,"[0.0143991789170834, 0.02526182863873815]",method_higher_aurc,0.014399178917083401,0.025261828638738149,True,False
amplitude_clipping_moderate,L+U_vs_confidence,L+U,confidence,method_aurc_minus_confidence_aurc,0.0021510365270228093,0.0021855091295296049,"[-0.0018777732305179536, 0.006165603524291912]",inconclusive_ci_crosses_zero,-0.0018777732305179536,0.0061656035242919124,False,False
amplitude_clipping_moderate,U_vs_confidence,U,confidence,method_aurc_minus_confidence_aurc,0.0094014535986249176,0.0093907513909217994,"[0.006718464434362787, 0.012137818824549165]",method_higher_aurc,0.0067184644343627866,0.012137818824549165,True,False
amplitude_clipping_moderate,L+Q_signal+U_vs_confidence,L+Q_signal+U,confidence,method_aurc_minus_confidence_aurc,0.0094421222358818946,0.009458119579904398,"[0.004212795977298494, 0.0151019976665607]",method_higher_aurc,0.0042127959772984939,0.0151019976665607,True,False
amplitude_clipping_severe,L+U_vs_confidence,L+U,confidence,method_aurc_minus_confidence_aurc,0.010195641627507496,0.010201384429849787,"[0.005189850923700835, 0.01534232188677419]",method_higher_aurc,0.0051898509237008348,0.01534232188677419,True,False
amplitude_clipping_severe,U_vs_confidence,U,confidence,method_aurc_minus_confidence_aurc,0.012164551595838874,0.012165186956252152,"[0.008173995312394957, 0.0160386908243065]",method_higher_aurc,0.008173995312394957,0.016038690824306499,True,False
amplitude_clipping_severe,L+Q_signal+U_vs_confidence,L+Q_signal+U,confidence,method_aurc_minus_confidence_aurc,0.018456931753081024,0.018463150282956635,"[0.012377644300446806, 0.02482970224063458]",method_higher_aurc,0.012377644300446806,0.02482970224063458,True,False
lead_masking_mild,L+U_vs_confidence,L+U,confidence,method_aurc_minus_confidence_aurc,0.0055113800765094062,0.0055218039876914916,"[0.001696333754958441, 0.00924734781332618]",method_higher_aurc,0.001696333754958441,0.0092473478133261802,True,False
lead_masking_mild,U_vs_confidence,U,confidence,method_aurc_minus_confidence_aurc,0.010222340333244082,0.010218661202421663,"[0.007450008750697434, 0.013072888489829789]",method_higher_aurc,0.0074500087506974341,0.013072888489829789,True,False
lead_masking_mild,L+Q_signal+U_vs_confidence,L+Q_signal+U,confidence,method_aurc_minus_confidence_aurc,0.0089902392053702318,0.0089961620470490247,"[0.004746449979887409, 0.013454258716341228]",method_higher_aurc,0.0047464499798874089,0.013454258716341228,True,False
lead_masking_moderate,L+U_vs_confidence,L+U,confidence,method_aurc_minus_confidence_aurc,0.015002212849472674,0.015003681986585542,"[0.010094269100566447, 0.01980487013114556]",method_higher_aurc,0.010094269100566447,0.019804870131145558,True,False
lead_masking_moderate,U_vs_confidence,U,confidence,method_aurc_minus_confidence_aurc,0.016539710818129078,0.016537904888952341,"[0.012522238437972035, 0.020493160261045796]",method_higher_aurc,0.012522238437972035,0.020493160261045796,True,False
lead_masking_moderate,L+Q_signal+U_vs_confidence,L+Q_signal+U,confidence,method_aurc_minus_confidence_aurc,0.020289524119563737,0.020293944814140413,"[0.014820727487339983, 0.025574437006780262]",method_higher_aurc,0.014820727487339983,0.025574437006780262,True,False
lead_masking_severe,L+U_vs_confidence,L+U,confidence,method_aurc_minus_confidence_aurc,0.032616916646564797,0.032592866573175838,"[0.025009531945896005, 0.04041540485975599]",method_higher_aurc,0.025009531945896005,0.040415404859755991,True,False
lead_masking_severe,U_vs_confidence,U,confidence,method_aurc_minus_confidence_aurc,0.027443584569626978,0.027391826349839683,"[0.020535095583075657, 0.03432686974639503]",method_higher_aurc,0.020535095583075657,0.034326869746395032,True,False
lead_masking_severe,L+Q_signal+U_vs_confidence,L+Q_signal+U,confidence,method_aurc_minus_confidence_aurc,0.035308065264914618,0.035230792363657587,"[0.027497461273860897, 0.04295841660697602]",method_higher_aurc,0.027497461273860897,0.042958416606976017,True,False
